자치구,행정동,유해업소수,대형쇼핑몰수,도서관수,미술관 박물관 극장수,"의료시설수(병원,의원,보건소,보건지소)",공원 수,경로당 수,보육시설정원,보육시설현원,보육시설포화도,횡단보도수,육교수,CCTV수,월평균소득금액,평균면적(m^2),면적당 가격(만원/m^2),"주유소,가스충전소 수",공립,사립,공립+사립
종로구,사직동,23.0,1.0,2.0,5.0,2.0,6.0,1.0,954.0,542.0,0.57,90.0,0.0,139.0,5039456.684210527,135.0,1231.0,1.0,0.0,2.0,2.0
종로구,부암동,2.0,0.0,0.0,6.0,0.0,0.0,1.0,150.0,116.0,0.77,20.0,17.0,144.0,3661725.842105264,74.0,628.0,3.0,0.0,2.0,2.0
종로구,평창동,6.0,0.0,0.0,6.0,1.0,3.0,6.0,175.0,160.0,0.91,22.0,6.0,120.0,4544046.052631579,120.0,780.0,3.0,0.0,1.0,1.0
용산구,한남동,21.0,0.0,0.0,2.0,1.0,1.0,10.0,364.0,266.0,0.73,73.0,24.0,119.0,4397761.052631579,129.0,1995.0,5.0,1.0,0.0,1.0
성동구,왕십리2동,42.0,0.0,0.0,0.0,0.0,2.0,18.0,376.0,336.0,0.89,10.0,5.0,222.0,3487691.736842105,61.0,1273.0,0.0,1.0,1.0,2.0
성동구,마장동,5.0,1.0,0.0,1.0,0.0,4.0,15.0,597.0,445.0,0.75,55.0,9.0,402.0,3050686.947368421,68.0,1225.0,1.0,2.0,2.0,4.0
중구,중림동,20.0,1.0,2.0,1.0,0.0,1.0,4.0,338.0,290.0,0.86,43.0,7.0,140.0,4451102.842105263,85.0,1562.0,1.0,0.0,1.0,1.0
성동구,옥수동,0.0,2.0,1.0,0.0,0.0,0.0,18.0,761.0,571.0,0.75,12.0,0.0,178.0,4857859.47368421,98.0,1741.0,1.0,1.0,3.0,4.0
중구,장충동,12.0,0.0,1.0,2.0,0.0,0.0,2.0,97.0,69.0,0.71,25.0,6.0,143.0,2923569.5789473685,157.0,980.0,2.0,1.0,0.0,1.0
중구,광희동,82.0,13.0,0.0,0.0,2.0,3.0,3.0,183.0,109.0,0.6,89.0,4.0,192.0,3276838.3684210526,52.0,1070.0,3.0,0.0,0.0,0.0
성동구,사근동,0.0,1.0,0.0,2.0,1.0,2.0,6.0,189.0,111.0,0.59,33.0,3.0,315.0,3138503.947368421,67.0,1147.0,1.0,1.0,1.0,2.0
용산구,후암동,1.0,0.0,2.0,0.0,0.0,1.0,4.0,480.0,295.0,0.61,51.0,4.0,80.0,3035337.3157894737,96.0,1075.0,0.0,0.0,1.0,1.0
용산구,용산2가동,6.0,0.0,0.0,0.0,0.0,0.0,4.0,141.0,86.0,0.61,22.0,9.0,76.0,2552190.789473684,71.0,850.0,0.0,0.0,0.0,0.0
용산구,남영동,20.0,0.0,0.0,1.0,0.0,2.0,4.0,131.0,94.0,0.72,43.0,2.0,46.0,3203052.6842105263,117.0,1232.0,1.0,0.0,0.0,0.0
용산구,원효로2동,12.0,0.0,0.0,0.0,0.0,2.0,6.0,291.0,215.0,0.74,37.0,7.0,52.0,3838877.210526316,107.0,1467.0,4.0,0.0,2.0,2.0
용산구,효창동,1.0,0.0,0.0,2.0,0.0,2.0,4.0,375.0,311.0,0.83,14.0,0.0,54.0,3540899.736842105,78.0,1417.0,0.0,0.0,0.0,0.0
용산구,용문동,5.0,0.0,0.0,0.0,0.0,1.0,6.0,318.0,271.0,0.85,25.0,0.0,46.0,3584571.1052631577,66.0,1194.0,0.0,0.0,1.0,1.0
용산구,이태원1동,25.0,1.0,0.0,0.0,1.0,1.0,6.0,230.0,165.0,0.72,22.0,2.0,59.0,3691173.736842105,172.0,1510.0,0.0,0.0,0.0,0.0
성동구,금호1가동,0.0,2.0,1.0,0.0,0.0,1.0,6.0,576.0,463.0,0.8,35.0,0.0,118.0,3953888.894736842,82.0,1495.0,0.0,0.0,1.0,1.0
성동구,금호4가동,2.0,1.0,0.0,0.0,0.0,2.0,12.0,346.0,266.0,0.77,23.0,0.0,198.0,4438328.0,79.0,1817.0,1.0,1.0,1.0,2.0
성동구,성수1가1동,8.0,0.0,1.0,2.0,0.0,0.0,12.0,328.0,222.0,0.68,50.0,2.0,240.0,3895002.789473684,102.0,2696.0,3.0,2.0,1.0,3.0
성동구,성수2가1동,16.0,2.0,0.0,0.0,5.0,2.0,8.0,209.0,167.0,0.8,38.0,4.0,278.0,2926007.4736842103,82.0,2222.0,2.0,1.0,0.0,1.0
성동구,송정동,15.0,0.0,0.0,0.0,1.0,1.0,5.0,278.0,156.0,0.56,13.0,0.0,305.0,2583422.8947368423,80.0,1068.0,3.0,1.0,0.0,1.0
성동구,용답동,24.0,2.0,1.0,0.0,2.0,1.0,4.0,504.0,295.0,0.59,30.0,10.0,271.0,2489153.6842105263,73.0,992.0,4.0,1.0,0.0,1.0
성북구,정릉4동,1.0,0.0,1.0,0.0,0.0,1.0,14.0,666.0,497.0,0.75,53.0,1.0,190.0,3060802.052631579,73.0,761.0,0.0,0.0,2.0,2.0
성북구,길음1동,4.0,3.0,1.0,0.0,2.0,4.0,19.0,706.0,602.0,0.85,59.0,1.0,108.0,4482440.263157895,74.0,1173.0,1.0,3.0,4.0,7.0
성북구,성북동,4.0,0.0,0.0,6.0,0.0,2.0,5.0,191.0,145.0,0.76,25.0,0.0,281.0,3501359.6842105263,58.0,863.0,0.0,1.0,2.0,3.0
성북구,삼선동,20.0,1.0,0.0,0.0,0.0,1.0,9.0,281.0,221.0,0.79,34.0,21.0,229.0,3079254.1052631577,71.0,1019.0,1.0,1.0,0.0,1.0
성북구,동선동,19.0,4.0,1.0,1.0,2.0,0.0,4.0,200.0,158.0,0.79,23.0,8.0,189.0,2852581.8947368423,74.0,894.0,1.0,2.0,1.0,3.0
동대문구,휘경1동,3.0,0.0,0.0,0.0,0.0,1.0,8.0,279.0,201.0,0.72,37.0,7.0,128.0,2747514.6842105263,68.0,1103.0,6.0,1.0,1.0,2.0
동대문구,이문1동,3.0,1.0,0.0,0.0,0.0,0.0,9.0,341.0,209.0,0.61,36.0,3.0,196.0,2980528.210526316,65.0,1095.0,2.0,0.0,2.0,2.0
동대문구,이문2동,2.0,0.0,0.0,0.0,0.0,0.0,11.0,549.0,461.0,0.84,25.0,0.0,145.0,3163719.1578947366,65.0,915.0,2.0,0.0,1.0,1.0
동대문구,답십리1동,10.0,1.0,1.0,0.0,1.0,4.0,11.0,777.0,616.0,0.79,74.0,0.0,195.0,3537585.5263157897,56.0,1141.0,1.0,1.0,0.0,1.0
중랑구,상봉1동,16.0,1.0,0.0,0.0,1.0,1.0,10.0,479.0,387.0,0.81,23.0,2.0,208.0,2998857.6315789474,76.0,856.0,0.0,0.0,2.0,2.0
중랑구,중화1동,0.0,0.0,0.0,0.0,1.0,2.0,6.0,467.0,364.0,0.78,16.0,1.0,155.0,2540502.4736842103,74.0,772.0,2.0,1.0,4.0,5.0
중랑구,신내1동,4.0,2.0,0.0,0.0,1.0,6.0,20.0,1544.0,1031.0,0.67,111.0,7.0,175.0,2798343.052631579,74.0,783.0,3.0,1.0,1.0,2.0
성북구,월곡2동,1.0,1.0,2.0,1.0,1.0,2.0,10.0,476.0,381.0,0.8,35.0,12.0,192.0,3161249.3157894737,91.0,921.0,2.0,0.0,2.0,2.0
광진구,자양3동,5.0,5.0,0.0,0.0,0.0,2.0,18.0,627.0,536.0,0.85,25.0,2.0,217.0,4391943.263157895,86.0,1562.0,1.0,1.0,3.0,4.0
광진구,구의2동,2.0,0.0,0.0,0.0,1.0,2.0,3.0,577.0,411.0,0.71,50.0,0.0,317.0,2928061.8947368423,74.0,1027.0,0.0,0.0,3.0,3.0
강북구,수유1동,37.0,3.0,1.0,0.0,0.0,3.0,6.0,672.0,518.0,0.77,35.0,10.0,143.0,2229607.4736842103,47.0,619.0,4.0,1.0,1.0,2.0
강북구,삼양동,14.0,3.0,1.0,0.0,0.0,2.0,14.0,638.0,380.0,0.6,40.0,8.0,199.0,2482010.1578947366,71.0,938.0,2.0,1.0,2.0,3.0
강북구,송천동,12.0,1.0,1.0,0.0,4.0,2.0,10.0,369.0,256.0,0.69,47.0,0.0,144.0,2456559.6842105263,70.0,951.0,2.0,1.0,0.0,1.0
강북구,삼각산동,5.0,1.0,1.0,0.0,0.0,2.0,9.0,913.0,771.0,0.84,20.0,0.0,46.0,3761878.6842105263,76.0,1041.0,0.0,0.0,1.0,1.0
강북구,우이동,21.0,0.0,0.0,0.0,0.0,2.0,5.0,540.0,463.0,0.86,40.0,0.0,159.0,2472202.736842105,74.0,537.0,1.0,0.0,2.0,2.0
노원구,월계2동,0.0,0.0,1.0,1.0,0.0,8.0,12.0,502.0,379.0,0.75,29.0,0.0,151.0,2744711.263157895,69.0,880.0,1.0,1.0,5.0,6.0
성북구,정릉1동,6.0,0.0,0.0,0.0,4.0,1.0,11.0,483.0,417.0,0.86,39.0,3.0,133.0,3356520.210526316,75.0,983.0,0.0,0.0,2.0,2.0
종로구,무악동,0.0,0.0,0.0,0.0,1.0,1.0,3.0,240.0,152.0,0.63,4.0,2.0,33.0,5134832.842105263,82.0,1590.0,0.0,0.0,1.0,1.0
종로구,종로5·6가동,113.0,2.0,0.0,0.0,0.0,3.0,6.0,184.0,86.0,0.47,82.0,6.0,116.0,2534670.736842105,23.0,1106.0,0.0,0.0,1.0,1.0
종로구,이화동,1.0,0.0,0.0,3.0,3.0,1.0,4.0,148.0,85.0,0.57,19.0,0.0,101.0,3052155.947368421,49.0,803.0,1.0,0.0,0.0,0.0
종로구,창신1동,23.0,2.0,0.0,0.0,0.0,0.0,3.0,131.0,73.0,0.56,25.0,4.0,57.0,2402760.3684210526,58.0,1399.0,0.0,1.0,0.0,1.0
종로구,창신2동,9.0,0.0,0.0,0.0,0.0,1.0,4.0,188.0,115.0,0.61,4.0,0.0,87.0,2123343.5263157897,56.0,823.0,0.0,0.0,0.0,0.0
중구,을지로동,92.0,1.0,0.0,1.0,1.0,1.0,1.0,119.0,63.0,0.53,84.0,7.0,125.0,3041933.789473684,69.0,1166.0,1.0,0.0,1.0,1.0
은평구,수색동,8.0,0.0,0.0,0.0,0.0,0.0,10.0,170.0,149.0,0.88,40.0,0.0,109.0,3258020.1052631577,84.0,1168.0,5.0,1.0,1.0,2.0
은평구,진관동,0.0,3.0,3.0,2.0,1.0,10.0,28.0,1542.0,1091.0,0.71,224.0,0.0,424.0,4100987.736842105,93.0,1044.0,5.0,5.0,4.0,9.0
은평구,불광2동,2.0,1.0,0.0,0.0,0.0,5.0,8.0,384.0,256.0,0.67,31.0,0.0,320.0,2410974.1578947366,61.0,908.0,2.0,3.0,0.0,3.0
은평구,응암3동,43.0,0.0,1.0,0.0,3.0,3.0,3.0,339.0,283.0,0.83,39.0,0.0,314.0,2377758.0,60.0,768.0,1.0,1.0,3.0,4.0
서대문구,천연동,9.0,0.0,1.0,1.0,0.0,2.0,12.0,457.0,364.0,0.8,29.0,1.0,117.0,4221818.894736842,73.0,1310.0,0.0,1.0,0.0,1.0
노원구,하계2동,0.0,1.0,0.0,0.0,1.0,3.0,5.0,301.0,257.0,0.85,31.0,2.0,36.0,3643362.894736842,68.0,1088.0,4.0,0.0,2.0,2.0
서대문구,홍은2동,16.0,1.0,0.0,0.0,1.0,4.0,4.0,291.0,157.0,0.54,44.0,0.0,337.0,2891575.789473684,99.0,618.0,1.0,0.0,1.0,1.0
서대문구,남가좌1동,8.0,0.0,0.0,0.0,1.0,3.0,7.0,499.0,465.0,0.93,25.0,0.0,58.0,4509826.47368421,73.0,1330.0,0.0,1.0,0.0,1.0
마포구,염리동,1.0,0.0,1.0,0.0,0.0,2.0,9.0,385.0,282.0,0.73,9.0,2.0,132.0,3981720.6842105263,73.0,1642.0,0.0,1.0,1.0,2.0
마포구,연남동,5.0,0.0,0.0,0.0,7.0,2.0,5.0,160.0,111.0,0.69,38.0,0.0,136.0,2995039.1578947366,70.0,927.0,2.0,0.0,2.0,2.0
마포구,성산1동,2.0,0.0,1.0,1.0,2.0,4.0,5.0,213.0,178.0,0.84,40.0,0.0,143.0,2836873.1578947366,81.0,772.0,3.0,1.0,1.0,2.0
노원구,상계8동,0.0,0.0,0.0,0.0,0.0,5.0,4.0,673.0,518.0,0.77,17.0,0.0,52.0,3184253.3684210526,54.0,1090.0,0.0,2.0,3.0,5.0
노원구,상계3·4동,3.0,0.0,0.0,0.0,0.0,5.0,11.0,698.0,417.0,0.6,30.0,0.0,211.0,2654371.4736842103,73.0,845.0,1.0,1.0,3.0,4.0
양천구,신정3동,28.0,0.0,1.0,0.0,2.0,11.0,19.0,988.0,837.0,0.85,126.0,14.0,378.0,3179649.789473684,76.0,1020.0,4.0,4.0,3.0,7.0
강남구,논현2동,55.0,6.0,1.0,1.0,9.0,2.0,5.0,223.0,139.0,0.62,58.0,0.0,502.0,4003462.6315789474,94.0,1693.0,2.0,1.0,2.0,3.0
강서구,가양1동,44.0,5.0,0.0,1.0,8.0,6.0,25.0,1042.0,856.0,0.82,190.0,2.0,268.0,3613452.0,82.0,1113.0,12.0,0.0,3.0,3.0
강서구,발산1동,6.0,10.0,1.0,0.0,13.0,8.0,10.0,1041.0,712.0,0.68,174.0,7.0,148.0,3202207.0,81.0,906.0,3.0,1.0,3.0,4.0
강서구,공항동,9.0,1.0,0.0,0.0,1.0,6.0,8.0,975.0,835.0,0.86,72.0,0.0,186.0,2859584.052631579,75.0,1212.0,9.0,2.0,2.0,4.0
강서구,방화1동,4.0,6.0,0.0,0.0,3.0,12.0,24.0,1143.0,939.0,0.82,94.0,0.0,199.0,3366041.3684210526,78.0,1094.0,1.0,3.0,2.0,5.0
강서구,방화2동,16.0,2.0,0.0,0.0,1.0,8.0,9.0,469.0,390.0,0.83,54.0,4.0,268.0,2726484.4736842103,63.0,846.0,9.0,1.0,3.0,4.0
강서구,방화3동,0.0,1.0,1.0,0.0,1.0,9.0,17.0,645.0,492.0,0.76,82.0,0.0,101.0,3076344.8421052634,70.0,972.0,0.0,1.0,2.0,3.0
강남구,대치1동,2.0,8.0,0.0,0.0,2.0,4.0,15.0,361.0,243.0,0.67,46.0,3.0,174.0,7464364.789473684,111.0,2865.0,0.0,0.0,2.0,2.0
구로구,신도림동,5.0,6.0,1.0,0.0,0.0,3.0,21.0,956.0,790.0,0.83,72.0,15.0,218.0,4406430.631578947,80.0,1284.0,2.0,1.0,2.0,3.0
구로구,구로1동,3.0,0.0,0.0,0.0,0.0,0.0,16.0,649.0,541.0,0.83,14.0,20.0,103.0,3394043.210526316,72.0,938.0,0.0,1.0,2.0,3.0
구로구,구로3동,43.0,3.0,1.0,0.0,3.0,2.0,11.0,606.0,451.0,0.74,67.0,4.0,369.0,2910926.947368421,49.0,654.0,1.0,2.0,1.0,3.0
구로구,구로4동,19.0,0.0,1.0,0.0,0.0,2.0,10.0,532.0,433.0,0.81,33.0,3.0,250.0,2644376.5789473685,48.0,578.0,1.0,0.0,2.0,2.0
구로구,고척1동,5.0,5.0,0.0,0.0,3.0,1.0,19.0,863.0,660.0,0.76,60.0,6.0,220.0,2982277.5789473685,71.0,867.0,0.0,2.0,0.0,2.0
구로구,고척2동,2.0,2.0,1.0,0.0,2.0,6.0,10.0,826.0,625.0,0.76,37.0,8.0,354.0,2900148.8947368423,74.0,790.0,1.0,1.0,0.0,1.0
금천구,시흥1동,61.0,6.0,1.0,0.0,24.0,5.0,9.0,780.0,584.0,0.75,87.0,8.0,381.0,2788702.1578947366,62.0,861.0,3.0,0.0,2.0,2.0
서대문구,북가좌2동,8.0,0.0,0.0,0.0,0.0,5.0,5.0,419.0,338.0,0.81,34.0,0.0,331.0,2612322.8947368423,86.0,774.0,2.0,0.0,2.0,2.0
서대문구,충현동,4.0,0.0,0.0,1.0,1.0,0.0,6.0,505.0,418.0,0.83,37.0,2.0,233.0,3226418.3684210526,80.0,1156.0,1.0,0.0,0.0,0.0
서대문구,북아현동,5.0,1.0,0.0,0.0,1.0,5.0,7.0,517.0,448.0,0.87,20.0,1.0,126.0,4198339.631578947,81.0,1707.0,0.0,1.0,0.0,1.0
서대문구,신촌동,77.0,4.0,0.0,3.0,4.0,4.0,4.0,467.0,296.0,0.63,54.0,2.0,370.0,3357577.789473684,55.0,954.0,1.0,0.0,3.0,3.0
금천구,시흥5동,0.0,2.0,0.0,0.0,14.0,3.0,6.0,1124.0,629.0,0.56,35.0,0.0,303.0,2387416.4210526315,77.0,688.0,0.0,1.0,1.0,2.0
양천구,목4동,0.0,2.0,1.0,0.0,0.0,4.0,7.0,359.0,292.0,0.81,32.0,0.0,255.0,3453966.947368421,82.0,1021.0,0.0,0.0,1.0,1.0
영등포구,당산2동,7.0,5.0,1.0,0.0,0.0,2.0,17.0,859.0,636.0,0.74,32.0,6.0,88.0,4157253.210526316,71.0,1260.0,0.0,1.0,2.0,3.0
영등포구,양평1동,29.0,1.0,0.0,0.0,1.0,1.0,18.0,516.0,440.0,0.85,59.0,3.0,88.0,3521740.8421052634,69.0,1190.0,2.0,1.0,2.0,3.0
영등포구,양평2동,24.0,0.0,1.0,0.0,2.0,1.0,14.0,602.0,489.0,0.81,63.0,16.0,124.0,3692092.1578947366,69.0,1121.0,6.0,1.0,1.0,2.0
영등포구,신길1동,7.0,2.0,1.0,0.0,12.0,2.0,16.0,363.0,315.0,0.87,16.0,0.0,127.0,2802338.8947368423,43.0,1109.0,1.0,0.0,0.0,0.0
영등포구,신길6동,8.0,0.0,0.0,0.0,1.0,0.0,9.0,651.0,448.0,0.69,44.0,0.0,120.0,2981955.3157894737,67.0,1277.0,2.0,1.0,1.0,2.0
영등포구,신길7동,4.0,0.0,0.0,0.0,2.0,1.0,3.0,416.0,376.0,0.9,28.0,3.0,110.0,3641547.736842105,74.0,1424.0,1.0,1.0,1.0,2.0
마포구,망원2동,2.0,1.0,0.0,0.0,0.0,2.0,5.0,401.0,351.0,0.88,52.0,2.0,105.0,2937758.6315789474,66.0,1041.0,2.0,1.0,0.0,1.0
영등포구,대림3동,12.0,1.0,1.0,0.0,7.0,5.0,9.0,555.0,476.0,0.86,57.0,2.0,167.0,2926587.947368421,69.0,896.0,3.0,1.0,3.0,4.0
영등포구,영등포본동,18.0,3.0,0.0,0.0,4.0,2.0,8.0,403.0,328.0,0.81,39.0,3.0,156.0,3302786.947368421,70.0,1166.0,2.0,0.0,2.0,2.0
영등포구,영등포동,179.0,10.0,0.0,0.0,14.0,4.0,14.0,377.0,274.0,0.73,107.0,0.0,222.0,3602238.8947368423,41.0,1165.0,2.0,1.0,2.0,3.0
영등포구,도림동,8.0,0.0,0.0,0.0,0.0,1.0,8.0,448.0,371.0,0.83,38.0,0.0,137.0,3061526.0,71.0,1149.0,3.0,0.0,2.0,2.0
영등포구,문래동,11.0,3.0,1.0,0.0,11.0,1.0,24.0,1002.0,772.0,0.77,115.0,7.0,239.0,4056842.842105264,78.0,1191.0,7.0,1.0,0.0,1.0
동작구,노량진2동,11.0,0.0,2.0,0.0,1.0,0.0,2.0,35.0,25.0,0.71,14.0,2.0,114.0,2427127.0,67.0,1762.0,2.0,0.0,1.0,1.0
동작구,상도1동,4.0,0.0,1.0,1.0,1.0,3.0,14.0,932.0,767.0,0.82,47.0,16.0,255.0,3908723.736842105,78.0,965.0,3.0,1.0,4.0,5.0
동작구,상도2동,8.0,1.0,0.0,0.0,1.0,3.0,7.0,663.0,579.0,0.87,53.0,4.0,157.0,3824542.4736842094,75.0,1527.0,0.0,0.0,2.0,2.0
동작구,상도3동,3.0,0.0,0.0,0.0,0.0,3.0,3.0,381.0,300.0,0.79,11.0,8.0,182.0,2600915.4210526315,74.0,789.0,2.0,0.0,1.0,1.0
동작구,상도4동,0.0,0.0,1.0,0.0,1.0,1.0,4.0,683.0,512.0,0.75,20.0,4.0,242.0,2585296.6315789474,82.0,930.0,1.0,0.0,3.0,3.0
동작구,대방동,19.0,3.0,1.0,0.0,2.0,2.0,11.0,466.0,363.0,0.78,80.0,8.0,235.0,3549959.789473684,75.0,1086.0,1.0,0.0,2.0,2.0
동작구,신대방2동,4.0,1.0,0.0,0.0,2.0,0.0,1.0,636.0,511.0,0.8,27.0,2.0,169.0,3379548.4210526315,104.0,1036.0,2.0,0.0,0.0,0.0
동작구,흑석동,8.0,1.0,0.0,0.0,1.0,2.0,6.0,769.0,530.0,0.69,70.0,2.0,209.0,4212859.7894736845,87.0,1753.0,1.0,2.0,4.0,6.0
동작구,노량진1동,9.0,0.0,0.0,0.0,0.0,4.0,17.0,578.0,428.0,0.74,69.0,28.0,216.0,3616194.3684210526,76.0,1304.0,0.0,3.0,3.0,6.0
동작구,사당2동,15.0,3.0,0.0,0.0,1.0,2.0,5.0,550.0,474.0,0.86,19.0,7.0,162.0,3932019.789473684,77.0,1385.0,3.0,0.0,2.0,2.0
관악구,보라매동,0.0,1.0,0.0,0.0,2.0,3.0,3.0,603.0,385.0,0.64,11.0,0.0,339.0,2548046.3157894737,90.0,742.0,0.0,1.0,0.0,1.0
강서구,등촌3동,2.0,5.0,1.0,0.0,6.0,10.0,14.0,660.0,461.0,0.7,58.0,0.0,95.0,3428905.947368421,68.0,1169.0,0.0,1.0,4.0,5.0
관악구,삼성동,9.0,0.0,0.0,0.0,0.0,4.0,9.0,335.0,214.0,0.64,23.0,2.0,329.0,2607853.263157895,73.0,822.0,1.0,1.0,1.0,2.0
관악구,미성동,12.0,1.0,0.0,1.0,3.0,7.0,10.0,607.0,482.0,0.79,31.0,0.0,384.0,2694159.3157894737,71.0,808.0,1.0,0.0,1.0,1.0
서초구,양재1동,10.0,2.0,2.0,1.0,2.0,21.0,18.0,1028.0,789.0,0.77,145.0,22.0,507.0,4187758.842105264,86.0,1526.0,5.0,5.0,3.0,8.0
서초구,양재2동,10.0,2.0,0.0,0.0,0.0,12.0,4.0,595.0,424.0,0.71,97.0,3.0,514.0,3248298.5263157897,80.0,1042.0,8.0,0.0,1.0,1.0
서초구,내곡동,0.0,0.0,1.0,0.0,1.0,10.0,17.0,1142.0,674.0,0.59,42.0,21.0,258.0,3949670.5263157897,82.0,1919.0,3.0,2.0,0.0,2.0
강남구,세곡동,0.0,1.0,1.0,1.0,3.0,20.0,21.0,1299.0,902.0,0.69,172.0,6.0,423.0,3910359.052631579,80.0,1759.0,10.0,5.0,1.0,6.0
금천구,가산동,91.0,7.0,1.0,0.0,6.0,3.0,10.0,635.0,378.0,0.6,196.0,39.0,296.0,2595373.3684210526,44.0,850.0,3.0,0.0,1.0,1.0
송파구,장지동,0.0,0.0,1.0,0.0,0.0,10.0,3.0,708.0,640.0,0.9,60.0,0.0,145.0,3285853.789473684,75.0,1505.0,1.0,0.0,5.0,5.0
송파구,위례동,0.0,0.0,1.0,0.0,1.0,4.0,11.0,1865.0,1698.0,0.91,141.0,10.0,116.0,3893769.842105264,92.0,1744.0,2.0,5.0,0.0,5.0
서초구,서초2동,58.0,6.0,2.0,1.0,1.0,3.0,6.0,774.0,536.0,0.69,78.0,0.0,265.0,5249873.47368421,83.0,1787.0,0.0,0.0,1.0,1.0
관악구,서림동,0.0,0.0,0.0,0.0,0.0,4.0,2.0,234.0,156.0,0.67,24.0,1.0,241.0,2554732.052631579,64.0,966.0,2.0,1.0,2.0,3.0
송파구,오륜동,0.0,1.0,1.0,3.0,0.0,0.0,2.0,93.0,45.0,0.48,33.0,0.0,45.0,6154886.368421053,102.0,2223.0,0.0,1.0,2.0,3.0
강남구,논현1동,32.0,17.0,0.0,0.0,9.0,6.0,5.0,291.0,155.0,0.53,37.0,0.0,495.0,3313735.947368421,82.0,1260.0,1.0,1.0,0.0,1.0
양천구,신월4동,7.0,0.0,1.0,0.0,1.0,5.0,10.0,523.0,394.0,0.75,31.0,4.0,162.0,2658669.210526316,71.0,680.0,2.0,0.0,3.0,3.0
성북구,정릉2동,2.0,0.0,1.0,0.0,2.0,1.0,14.0,246.0,181.0,0.74,38.0,3.0,189.0,2951897.6842105263,71.0,954.0,3.0,0.0,0.0,0.0
성북구,정릉3동,5.0,0.0,0.0,1.0,1.0,1.0,7.0,444.0,245.0,0.55,10.0,29.0,253.0,2504545.947368421,78.0,644.0,2.0,1.0,0.0,1.0
성북구,장위3동,0.0,0.0,0.0,0.0,0.0,1.0,6.0,437.0,409.0,0.94,36.0,0.0,104.0,3097882.052631579,65.0,1121.0,4.0,1.0,0.0,1.0
종로구,창신3동,0.0,1.0,0.0,0.0,0.0,2.0,4.0,116.0,62.0,0.53,1.0,0.0,41.0,3023324.8947368423,73.0,1043.0,0.0,1.0,0.0,1.0
종로구,숭인1동,22.0,0.0,0.0,0.0,0.0,1.0,4.0,101.0,70.0,0.69,10.0,0.0,85.0,2893985.210526316,81.0,1190.0,0.0,0.0,1.0,1.0
종로구,숭인2동,35.0,1.0,1.0,0.0,1.0,1.0,3.0,106.0,75.0,0.71,16.0,3.0,116.0,2619079.052631579,34.0,789.0,1.0,0.0,0.0,0.0
종로구,청운효자동,0.0,0.0,2.0,3.0,1.0,1.0,2.0,392.0,215.0,0.55,64.0,0.0,181.0,3817398.6315789474,91.0,835.0,0.0,1.0,1.0,2.0
종로구,혜화동,7.0,0.0,1.0,4.0,0.0,3.0,6.0,188.0,147.0,0.78,50.0,0.0,237.0,3355042.6315789474,88.0,1056.0,2.0,1.0,2.0,3.0
중구,소공동,87.0,4.0,0.0,7.0,1.0,4.0,1.0,440.0,295.0,0.67,77.0,0.0,129.0,5412533.052631579,58.0,1433.0,0.0,1.0,0.0,1.0
중구,회현동,55.0,10.0,0.0,2.0,0.0,1.0,3.0,397.0,198.0,0.5,60.0,11.0,204.0,4461434.842105263,101.0,1080.0,1.0,0.0,1.0,1.0
중구,명동,130.0,9.0,1.0,2.0,2.0,2.0,1.0,627.0,347.0,0.55,97.0,17.0,224.0,3744534.5263157897,167.0,1198.0,1.0,0.0,0.0,0.0
중구,필동,52.0,0.0,0.0,2.0,0.0,0.0,1.0,79.0,51.0,0.65,35.0,11.0,160.0,3041074.3684210526,61.0,959.0,2.0,0.0,2.0,2.0
중구,신당5동,5.0,0.0,0.0,0.0,0.0,2.0,7.0,292.0,208.0,0.71,11.0,0.0,146.0,3046888.0,48.0,1319.0,1.0,0.0,1.0,1.0
용산구,서빙고동,3.0,1.0,0.0,2.0,0.0,2.0,9.0,264.0,186.0,0.7,40.0,36.0,58.0,4229078.210526316,121.0,1941.0,2.0,1.0,1.0,2.0
용산구,보광동,4.0,0.0,0.0,0.0,0.0,0.0,12.0,275.0,148.0,0.54,19.0,2.0,84.0,2556701.6842105263,83.0,2097.0,1.0,0.0,1.0,1.0
용산구,청파동,29.0,0.0,1.0,2.0,1.0,3.0,4.0,504.0,346.0,0.69,54.0,2.0,114.0,2633730.052631579,94.0,686.0,3.0,2.0,0.0,2.0
용산구,원효로1동,9.0,1.0,1.0,0.0,0.0,2.0,7.0,305.0,269.0,0.88,26.0,5.0,56.0,4455856.263157895,86.0,1475.0,0.0,1.0,1.0,2.0
용산구,한강로동,25.0,10.0,0.0,1.0,0.0,4.0,8.0,713.0,590.0,0.83,95.0,22.0,81.0,4980382.105263158,107.0,1817.0,2.0,0.0,0.0,0.0
중구,황학동,14.0,1.0,0.0,0.0,2.0,1.0,3.0,289.0,229.0,0.79,24.0,0.0,118.0,3259918.789473684,49.0,983.0,0.0,0.0,0.0,0.0
중구,신당동,64.0,19.0,1.0,0.0,2.0,0.0,3.0,106.0,91.0,0.86,66.0,3.0,200.0,2824606.5789473685,55.0,1082.0,3.0,1.0,0.0,1.0
중구,다산동,11.0,0.0,2.0,0.0,3.0,2.0,3.0,277.0,157.0,0.57,19.0,0.0,230.0,2692611.736842105,65.0,584.0,1.0,1.0,1.0,2.0
중구,약수동,0.0,2.0,1.0,0.0,2.0,0.0,5.0,459.0,322.0,0.7,18.0,3.0,81.0,3914327.3157894737,68.0,1167.0,0.0,0.0,1.0,1.0
양천구,신정1동,1.0,0.0,0.0,0.0,0.0,6.0,19.0,338.0,290.0,0.86,33.0,0.0,121.0,5083754.421052632,88.0,1567.0,1.0,0.0,2.0,2.0
중구,청구동,1.0,0.0,0.0,0.0,0.0,1.0,5.0,180.0,122.0,0.68,10.0,1.0,134.0,3583972.263157895,69.0,1586.0,0.0,0.0,2.0,2.0
양천구,신정4동,13.0,2.0,1.0,0.0,6.0,10.0,5.0,718.0,537.0,0.75,95.0,6.0,397.0,2632898.5263157897,74.0,795.0,1.0,2.0,2.0,4.0
중구,동화동,0.0,0.0,1.0,0.0,0.0,2.0,6.0,235.0,161.0,0.69,11.0,0.0,110.0,3634791.842105264,85.0,1181.0,1.0,0.0,0.0,0.0
용산구,이촌1동,3.0,2.0,0.0,0.0,1.0,0.0,10.0,289.0,260.0,0.9,29.0,6.0,51.0,6014542.7894736845,138.0,1843.0,1.0,0.0,5.0,5.0
용산구,이촌2동,1.0,0.0,0.0,0.0,0.0,1.0,6.0,174.0,123.0,0.71,13.0,20.0,35.0,3610179.5263157897,61.0,2285.0,0.0,0.0,0.0,0.0
용산구,이태원2동,4.0,0.0,0.0,0.0,0.0,2.0,6.0,129.0,103.0,0.8,25.0,8.0,67.0,3276873.5263157897,99.0,1330.0,0.0,0.0,1.0,1.0
성동구,행당1동,5.0,3.0,1.0,0.0,2.0,0.0,11.0,448.0,354.0,0.79,30.0,4.0,297.0,3869155.1578947366,79.0,1678.0,0.0,0.0,1.0,1.0
성동구,행당2동,1.0,4.0,0.0,0.0,0.0,2.0,7.0,484.0,356.0,0.74,16.0,4.0,116.0,4437986.578947368,77.0,1497.0,0.0,0.0,2.0,2.0
성동구,응봉동,0.0,0.0,0.0,0.0,0.0,3.0,9.0,232.0,129.0,0.56,7.0,0.0,167.0,3891038.421052632,76.0,1479.0,0.0,0.0,1.0,1.0
성동구,성수1가2동,3.0,1.0,0.0,0.0,1.0,2.0,8.0,291.0,198.0,0.68,33.0,0.0,230.0,3279767.6315789474,75.0,1663.0,3.0,0.0,0.0,0.0
성동구,성수2가3동,32.0,1.0,0.0,1.0,2.0,4.0,10.0,274.0,177.0,0.65,54.0,0.0,311.0,3378528.8947368423,77.0,1459.0,5.0,1.0,0.0,1.0
성동구,왕십리도선동,17.0,3.0,1.0,0.0,4.0,3.0,13.0,753.0,545.0,0.72,57.0,0.0,211.0,4037265.947368421,76.0,1392.0,4.0,1.0,3.0,4.0
마포구,상암동,2.0,3.0,0.0,1.0,1.0,14.0,11.0,1279.0,968.0,0.76,187.0,6.0,146.0,4192808.210526316,81.0,1309.0,1.0,3.0,2.0,5.0
마포구,공덕동,1.0,3.0,1.0,0.0,0.0,0.0,16.0,541.0,448.0,0.83,40.0,1.0,205.0,4067302.263157895,69.0,1497.0,0.0,2.0,1.0,3.0
금천구,독산1동,35.0,8.0,0.0,0.0,13.0,8.0,26.0,1201.0,976.0,0.81,83.0,19.0,357.0,3019139.052631579,70.0,906.0,3.0,2.0,2.0,4.0
성동구,금호2·3가동,9.0,0.0,0.0,0.0,0.0,3.0,13.0,659.0,495.0,0.75,15.0,3.0,231.0,3781300.894736842,71.0,1639.0,0.0,1.0,1.0,2.0
광진구,화양동,11.0,2.0,0.0,1.0,3.0,4.0,2.0,208.0,142.0,0.68,32.0,0.0,306.0,2490675.1578947366,41.0,1066.0,1.0,1.0,1.0,2.0
광진구,군자동,11.0,1.0,1.0,1.0,1.0,2.0,4.0,435.0,290.0,0.67,63.0,0.0,311.0,2626714.4736842103,82.0,1050.0,0.0,0.0,3.0,3.0
강서구,등촌1동,3.0,6.0,0.0,0.0,1.0,5.0,18.0,411.0,372.0,0.91,21.0,0.0,82.0,3350959.5263157897,69.0,1030.0,1.0,0.0,1.0,1.0
광진구,중곡1동,11.0,0.0,0.0,0.0,0.0,1.0,2.0,163.0,126.0,0.77,43.0,6.0,181.0,2558983.736842105,67.0,758.0,2.0,0.0,0.0,0.0
노원구,상계9동,0.0,2.0,0.0,0.0,0.0,3.0,4.0,317.0,260.0,0.82,30.0,0.0,46.0,2984513.263157895,51.0,1056.0,0.0,1.0,2.0,3.0
광진구,중곡2동,9.0,1.0,0.0,0.0,1.0,1.0,3.0,473.0,359.0,0.76,29.0,0.0,237.0,2576212.0,53.0,820.0,2.0,0.0,1.0,1.0
노원구,중계1동,0.0,2.0,0.0,0.0,0.0,3.0,15.0,423.0,333.0,0.79,33.0,0.0,55.0,4657489.684210527,76.0,1173.0,1.0,0.0,2.0,2.0
광진구,중곡3동,7.0,0.0,1.0,0.0,1.0,1.0,2.0,686.0,494.0,0.72,47.0,6.0,311.0,2409648.3157894737,61.0,904.0,1.0,1.0,3.0,4.0
광진구,중곡4동,0.0,1.0,0.0,0.0,0.0,2.0,5.0,628.0,454.0,0.72,29.0,5.0,327.0,2542721.736842105,79.0,709.0,0.0,1.0,0.0,1.0
광진구,능동,6.0,0.0,0.0,1.0,2.0,0.0,1.0,193.0,157.0,0.81,18.0,0.0,212.0,2870468.8947368423,89.0,561.8,1.0,0.0,2.0,2.0
광진구,구의1동,8.0,0.0,0.0,0.0,1.0,1.0,4.0,435.0,312.0,0.72,18.0,0.0,286.0,2706661.736842105,71.0,1015.0,1.0,0.0,2.0,2.0
광진구,구의3동,5.0,5.0,1.0,0.0,1.0,6.0,8.0,478.0,373.0,0.78,79.0,7.0,277.0,4041811.736842105,89.0,1265.0,0.0,0.0,2.0,2.0
송파구,잠실본동,41.0,5.0,1.0,0.0,1.0,6.0,6.0,451.0,400.0,0.89,37.0,0.0,167.0,3107117.736842105,68.0,1490.0,4.0,0.0,0.0,0.0
광진구,광장동,9.0,2.0,1.0,0.0,0.0,2.0,20.0,491.0,373.0,0.76,89.0,19.0,294.0,5314464.842105263,106.0,1526.0,2.0,1.0,4.0,5.0
광진구,자양1동,25.0,1.0,0.0,0.0,2.0,3.0,5.0,488.0,333.0,0.68,28.0,0.0,242.0,2756172.3684210526,66.0,1225.0,2.0,1.0,2.0,3.0
광진구,자양2동,1.0,1.0,1.0,0.0,1.0,3.0,10.0,401.0,325.0,0.81,31.0,4.0,272.0,3018829.8421052634,88.0,1317.0,1.0,2.0,2.0,4.0
송파구,잠실4동,12.0,2.0,0.0,0.0,0.0,3.0,5.0,500.0,432.0,0.86,35.0,3.0,50.0,5970352.0,79.0,2546.0,0.0,0.0,1.0,1.0
광진구,자양4동,10.0,3.0,1.0,0.0,3.0,3.0,8.0,350.0,252.0,0.72,24.0,2.0,282.0,2800761.210526316,74.0,1455.0,0.0,0.0,2.0,2.0
송파구,잠실6동,52.0,8.0,1.0,2.0,3.0,2.0,3.0,527.0,438.0,0.83,49.0,3.0,55.0,5270661.0,128.0,1592.0,1.0,0.0,1.0,1.0
동대문구,회기동,18.0,1.0,0.0,1.0,2.0,0.0,1.0,184.0,122.0,0.66,24.0,0.0,138.0,3243016.3157894737,53.0,1032.0,0.0,0.0,2.0,2.0
동대문구,휘경2동,1.0,0.0,1.0,0.0,2.0,3.0,10.0,533.0,369.0,0.69,40.0,8.0,222.0,3091111.736842105,76.0,932.0,1.0,2.0,1.0,3.0
동대문구,청량리동,20.0,2.0,1.0,0.0,1.0,1.0,14.0,297.0,194.0,0.65,48.0,9.0,146.0,2868180.5263157897,95.0,1029.0,3.0,0.0,2.0,2.0
동대문구,용신동,41.0,2.0,1.0,0.0,9.0,6.0,8.0,695.0,560.0,0.81,126.0,35.0,290.0,2913220.3157894737,55.0,1116.0,3.0,0.0,1.0,1.0
동대문구,제기동,44.0,4.0,0.0,1.0,2.0,2.0,6.0,515.0,321.0,0.62,87.0,18.0,295.0,2815717.4736842103,70.0,879.0,4.0,1.0,2.0,3.0
동대문구,전농1동,7.0,5.0,0.0,0.0,1.0,3.0,6.0,687.0,486.0,0.71,103.0,3.0,217.0,3073126.8947368423,70.0,1396.0,3.0,0.0,3.0,3.0
동대문구,전농2동,1.0,1.0,1.0,1.0,1.0,2.0,9.0,490.0,324.0,0.66,9.0,9.0,176.0,3158030.8421052634,78.0,1101.0,0.0,2.0,2.0,4.0
동대문구,답십리2동,4.0,0.0,0.0,0.0,4.0,3.0,21.0,743.0,645.0,0.87,45.0,4.0,201.0,3052058.3684210526,68.0,1080.0,4.0,0.0,4.0,4.0
송파구,잠실7동,23.0,1.0,0.0,0.0,0.0,1.0,2.0,0.0,0.0,0.0,7.0,0.0,41.0,6053210.47368421,119.0,2345.0,2.0,1.0,1.0,2.0
동대문구,장안1동,67.0,2.0,0.0,0.0,15.0,7.0,13.0,1115.0,941.0,0.84,87.0,13.0,289.0,2880343.1578947366,63.0,784.0,5.0,1.0,2.0,3.0
동대문구,장안2동,6.0,2.0,0.0,0.0,6.0,6.0,10.0,774.0,653.0,0.84,91.0,5.0,227.0,2949910.052631579,70.0,803.0,1.0,1.0,2.0,3.0
중랑구,면목2동,14.0,0.0,0.0,0.0,2.0,2.0,5.0,581.0,423.0,0.73,47.0,9.0,235.0,2337668.4736842103,68.0,723.0,3.0,2.0,2.0,4.0
중랑구,면목4동,2.0,0.0,0.0,0.0,0.0,1.0,8.0,405.0,288.0,0.71,28.0,10.0,210.0,2586102.8947368423,74.0,1018.0,1.0,1.0,1.0,2.0
송파구,잠실2동,0.0,2.0,1.0,0.0,0.0,2.0,2.0,422.0,395.0,0.94,45.0,0.0,27.0,6380748.631578947,73.0,2766.0,0.0,2.0,1.0,3.0
중랑구,면목5동,6.0,1.0,0.0,0.0,0.0,2.0,3.0,290.0,246.0,0.85,26.0,17.0,155.0,2246887.6842105263,73.0,1090.0,3.0,0.0,0.0,0.0
중랑구,면목7동,14.0,3.0,0.0,0.0,1.0,1.0,12.0,531.0,467.0,0.88,40.0,0.0,218.0,2669465.4736842103,79.0,931.0,1.0,0.0,1.0,1.0
중랑구,상봉2동,69.0,3.0,1.0,0.0,2.0,3.0,2.0,336.0,251.0,0.75,64.0,6.0,196.0,2590471.0,47.0,947.0,3.0,0.0,1.0,1.0
중랑구,중화2동,17.0,3.0,0.0,0.0,0.0,4.0,5.0,397.0,312.0,0.79,82.0,26.0,253.0,2265660.789473684,64.0,743.0,3.0,0.0,2.0,2.0
중랑구,묵1동,0.0,1.0,1.0,0.0,2.0,7.0,13.0,799.0,539.0,0.67,68.0,12.0,250.0,3140383.6315789474,76.0,853.0,0.0,0.0,2.0,2.0
중랑구,묵2동,32.0,0.0,0.0,0.0,0.0,1.0,5.0,462.0,309.0,0.67,70.0,15.0,177.0,2547489.052631579,63.0,852.0,1.0,2.0,0.0,2.0
노원구,공릉2동,0.0,1.0,1.0,2.0,2.0,9.0,23.0,1326.0,1053.0,0.79,97.0,0.0,271.0,3414711.736842105,75.0,913.0,6.0,2.0,8.0,10.0
중랑구,망우3동,3.0,0.0,0.0,0.0,0.0,1.0,3.0,384.0,268.0,0.7,19.0,2.0,210.0,2241100.1052631577,58.0,678.0,1.0,1.0,0.0,1.0
중랑구,신내2동,0.0,4.0,0.0,0.0,1.0,4.0,9.0,555.0,426.0,0.77,34.0,1.0,79.0,3092303.8947368423,68.0,962.0,0.0,2.0,3.0,5.0
중랑구,면목본동,12.0,0.0,1.0,0.0,2.0,6.0,7.0,765.0,591.0,0.77,56.0,0.0,374.0,2348141.5263157897,51.0,794.0,1.0,2.0,1.0,3.0
중랑구,면목3·8동,5.0,1.0,0.0,0.0,1.0,3.0,8.0,753.0,615.0,0.82,42.0,0.0,302.0,2367907.0,71.0,844.0,0.0,0.0,1.0,1.0
중랑구,망우본동,15.0,1.0,2.0,0.0,8.0,3.0,10.0,1012.0,870.0,0.86,80.0,0.0,301.0,2458975.0,64.0,749.0,1.0,2.0,3.0,5.0
성북구,돈암1동,2.0,1.0,0.0,0.0,0.0,2.0,8.0,241.0,205.0,0.85,27.0,4.0,94.0,3601326.5263157897,75.0,955.0,1.0,0.0,2.0,2.0
성북구,돈암2동,0.0,2.0,3.0,0.0,0.0,0.0,9.0,475.0,410.0,0.86,7.0,1.0,44.0,4324031.157894737,85.0,957.0,1.0,0.0,6.0,6.0
성북구,안암동,9.0,0.0,0.0,1.0,2.0,1.0,6.0,363.0,213.0,0.59,37.0,14.0,181.0,2917634.736842105,65.0,659.0,5.0,0.0,1.0,1.0
성북구,보문동,12.0,0.0,0.0,0.0,2.0,3.0,6.0,395.0,310.0,0.78,33.0,14.0,148.0,3155930.947368421,78.0,1067.0,2.0,1.0,3.0,4.0
성북구,길음2동,40.0,3.0,1.0,0.0,4.0,0.0,6.0,473.0,401.0,0.85,42.0,0.0,125.0,3728596.842105264,80.0,1115.0,2.0,1.0,1.0,2.0
노원구,공릉1동,13.0,1.0,1.0,0.0,4.0,7.0,19.0,732.0,498.0,0.68,65.0,1.0,299.0,2800723.1578947366,65.0,810.0,4.0,2.0,4.0,6.0
성북구,월곡1동,4.0,1.0,0.0,0.0,0.0,5.0,11.0,616.0,509.0,0.83,33.0,0.0,171.0,3312141.4736842103,70.0,985.0,1.0,1.0,0.0,1.0
성북구,장위1동,6.0,0.0,1.0,0.0,0.0,1.0,5.0,335.0,289.0,0.86,24.0,0.0,424.0,2245938.8947368423,79.0,989.0,1.0,1.0,2.0,3.0
성북구,장위2동,9.0,0.0,0.0,0.0,1.0,0.0,2.0,329.0,250.0,0.76,47.0,0.0,218.0,2398143.6842105263,81.0,816.0,3.0,1.0,2.0,3.0
은평구,불광1동,0.0,6.0,1.0,1.0,2.0,4.0,13.0,760.0,584.0,0.77,34.0,0.0,276.0,3219816.1052631577,72.0,960.0,0.0,1.0,3.0,4.0
성북구,종암동,15.0,2.0,1.0,0.0,3.0,4.0,19.0,817.0,632.0,0.77,43.0,11.0,284.0,3406932.052631579,74.0,1010.0,5.0,1.0,5.0,6.0
성북구,석관동,16.0,0.0,1.0,0.0,1.0,4.0,8.0,497.0,410.0,0.82,50.0,0.0,375.0,2858120.736842105,73.0,1035.0,3.0,1.0,2.0,3.0
강북구,번1동,2.0,3.0,0.0,0.0,3.0,3.0,6.0,363.0,254.0,0.7,57.0,0.0,121.0,2318825.0,71.0,777.0,2.0,1.0,1.0,2.0
강북구,번2동,1.0,0.0,1.0,0.0,1.0,3.0,10.0,336.0,246.0,0.73,26.0,0.0,104.0,2317709.3684210526,75.0,736.0,1.0,0.0,1.0,1.0
강북구,번3동,0.0,0.0,0.0,0.0,1.0,2.0,14.0,308.0,235.0,0.76,30.0,0.0,45.0,2568944.6842105263,77.0,776.0,3.0,1.0,0.0,1.0
강북구,수유2동,10.0,3.0,0.0,0.0,0.0,2.0,5.0,616.0,437.0,0.71,34.0,0.0,92.0,2594901.736842105,66.0,691.0,0.0,0.0,3.0,3.0
강북구,수유3동,150.0,2.0,0.0,0.0,2.0,5.0,4.0,380.0,233.0,0.61,51.0,0.0,1325.0,2221860.6315789474,56.0,740.0,1.0,0.0,1.0,1.0
강북구,송중동,1.0,4.0,1.0,0.0,1.0,4.0,7.0,640.0,553.0,0.86,56.0,11.0,180.0,2571061.5263157897,80.0,949.0,2.0,1.0,3.0,4.0
도봉구,쌍문1동,0.0,0.0,1.0,2.0,4.0,1.0,13.0,456.0,282.0,0.62,51.0,0.0,180.0,2458780.5263157897,74.0,641.0,1.0,2.0,3.0,5.0
도봉구,쌍문2동,6.0,1.0,0.0,0.0,3.0,1.0,7.0,480.0,359.0,0.75,28.0,0.0,78.0,2445353.5789473685,86.0,564.0,3.0,0.0,1.0,1.0
도봉구,쌍문3동,12.0,0.0,0.0,0.0,1.0,2.0,7.0,455.0,358.0,0.79,25.0,0.0,88.0,2458777.052631579,66.0,664.0,3.0,0.0,0.0,0.0
도봉구,쌍문4동,0.0,1.0,0.0,0.0,0.0,1.0,11.0,244.0,193.0,0.79,22.0,2.0,55.0,2983010.5789473685,78.0,716.0,0.0,0.0,5.0,5.0
도봉구,방학1동,14.0,3.0,0.0,0.0,3.0,4.0,11.0,481.0,391.0,0.81,80.0,0.0,149.0,2913239.3684210526,73.0,729.0,3.0,1.0,2.0,3.0
도봉구,방학2동,10.0,0.0,0.0,0.0,1.0,5.0,4.0,651.0,440.0,0.68,30.0,0.0,116.0,2111754.5263157897,61.0,445.0,2.0,0.0,0.0,0.0
도봉구,방학3동,0.0,1.0,1.0,0.0,2.0,0.0,18.0,524.0,382.0,0.73,42.0,0.0,59.0,2981111.052631579,74.0,654.0,2.0,1.0,3.0,4.0
도봉구,창1동,1.0,2.0,1.0,0.0,0.0,7.0,6.0,440.0,305.0,0.69,29.0,0.0,139.0,3062656.8421052634,72.0,836.0,1.0,0.0,2.0,2.0
도봉구,창2동,6.0,2.0,0.0,0.0,2.0,4.0,7.0,869.0,554.0,0.64,20.0,0.0,110.0,2569991.5789473685,76.0,637.0,2.0,0.0,1.0,1.0
도봉구,창3동,0.0,0.0,0.0,0.0,0.0,2.0,5.0,402.0,274.0,0.68,20.0,0.0,130.0,2246742.0,66.0,674.0,0.0,1.0,1.0,2.0
도봉구,창4동,6.0,0.0,1.0,0.0,0.0,5.0,10.0,665.0,472.0,0.71,26.0,0.0,74.0,3579683.052631579,64.0,1036.0,0.0,2.0,2.0,4.0
도봉구,창5동,30.0,2.0,0.0,0.0,3.0,2.0,12.0,459.0,383.0,0.83,28.0,0.0,89.0,3320477.5263157897,67.0,959.0,1.0,2.0,2.0,4.0
서대문구,남가좌2동,2.0,0.0,1.0,0.0,0.0,4.0,6.0,734.0,593.0,0.81,24.0,0.0,258.0,3234073.5263157897,73.0,1286.0,3.0,0.0,3.0,3.0
서대문구,북가좌1동,0.0,1.0,0.0,0.0,3.0,2.0,17.0,417.0,370.0,0.89,57.0,2.0,114.0,4030695.736842105,78.0,1061.0,2.0,0.0,1.0,1.0
도봉구,도봉1동,13.0,0.0,0.0,0.0,2.0,5.0,10.0,385.0,332.0,0.86,30.0,0.0,199.0,2291226.6315789474,74.0,548.0,5.0,2.0,1.0,3.0
도봉구,도봉2동,1.0,3.0,1.0,0.0,0.0,2.0,15.0,745.0,497.0,0.67,65.0,6.0,128.0,2837674.6315789474,80.0,720.0,1.0,0.0,2.0,2.0
노원구,월계1동,7.0,2.0,1.0,0.0,1.0,6.0,19.0,519.0,429.0,0.83,37.0,0.0,221.0,2799550.8947368423,77.0,928.0,1.0,0.0,2.0,2.0
노원구,월계3동,0.0,2.0,1.0,0.0,1.0,4.0,12.0,617.0,476.0,0.77,24.0,0.0,71.0,3139270.5263157897,63.0,1108.0,0.0,1.0,4.0,5.0
노원구,하계1동,0.0,3.0,1.0,1.0,2.0,9.0,11.0,546.0,326.0,0.6,61.0,0.0,105.0,3646787.6842105263,78.0,1025.0,0.0,1.0,4.0,5.0
노원구,중계본동,0.0,3.0,1.0,0.0,0.0,3.0,16.0,238.0,164.0,0.69,29.0,0.0,118.0,4230534.105263158,82.0,942.0,0.0,1.0,2.0,3.0
노원구,중계4동,0.0,3.0,1.0,0.0,1.0,5.0,12.0,168.0,125.0,0.74,28.0,0.0,102.0,3213848.1052631577,74.0,876.0,0.0,0.0,3.0,3.0
노원구,상계1동,1.0,2.0,1.0,0.0,1.0,6.0,27.0,829.0,621.0,0.75,23.0,0.0,206.0,3051681.210526316,79.0,770.0,5.0,3.0,2.0,5.0
노원구,상계2동,17.0,6.0,0.0,0.0,4.0,0.0,13.0,712.0,485.0,0.68,36.0,0.0,168.0,3141488.736842105,73.0,878.0,2.0,1.0,2.0,3.0
노원구,상계5동,7.0,2.0,0.0,0.0,1.0,1.0,10.0,442.0,300.0,0.68,36.0,0.0,227.0,2493124.210526316,67.0,816.0,1.0,1.0,0.0,1.0
노원구,중계2·3동,0.0,6.0,2.0,1.0,1.0,6.0,12.0,460.0,376.0,0.82,75.0,0.0,99.0,2955453.3157894737,65.0,1106.0,1.0,1.0,4.0,5.0
노원구,상계10동,26.0,0.0,1.0,0.0,0.0,4.0,5.0,315.0,271.0,0.86,43.0,0.0,50.0,3153839.0,75.0,1201.0,0.0,1.0,2.0,3.0
노원구,상계6·7동,23.0,17.0,1.0,0.0,6.0,10.0,9.0,596.0,477.0,0.8,42.0,0.0,159.0,3173400.210526316,59.0,1232.0,0.0,1.0,4.0,5.0
은평구,녹번동,16.0,0.0,0.0,0.0,5.0,6.0,12.0,1248.0,969.0,0.78,52.0,0.0,295.0,3040384.1578947366,71.0,969.0,1.0,2.0,2.0,4.0
은평구,갈현1동,33.0,2.0,0.0,0.0,2.0,3.0,6.0,562.0,214.0,0.38,26.0,2.0,208.0,2495345.3157894737,60.0,776.0,3.0,0.0,1.0,1.0
은평구,갈현2동,52.0,0.0,0.0,0.0,2.0,3.0,6.0,696.0,462.0,0.66,28.0,0.0,264.0,2559993.4736842103,76.0,597.0,0.0,0.0,4.0,4.0
은평구,구산동,2.0,1.0,1.0,0.0,3.0,2.0,5.0,690.0,435.0,0.63,26.0,0.0,275.0,2625218.947368421,79.0,613.0,0.0,1.0,3.0,4.0
은평구,대조동,73.0,6.0,0.0,0.0,2.0,1.0,4.0,604.0,437.0,0.72,41.0,0.0,257.0,2555764.947368421,33.0,932.0,0.0,0.0,0.0,0.0
은평구,응암1동,11.0,4.0,0.0,0.0,2.0,3.0,7.0,1098.0,932.0,0.85,48.0,0.0,210.0,2744076.6315789474,69.0,845.0,1.0,1.0,2.0,3.0
은평구,응암2동,0.0,0.0,0.0,0.0,1.0,4.0,4.0,924.0,842.0,0.91,16.0,0.0,141.0,3523843.210526316,66.0,999.0,0.0,1.0,2.0,3.0
은평구,신사1동,8.0,1.0,0.0,0.0,1.0,2.0,9.0,745.0,413.0,0.55,33.0,0.0,185.0,2653534.210526316,71.0,722.0,1.0,0.0,3.0,3.0
강남구,대치4동,14.0,3.0,1.0,1.0,3.0,2.0,6.0,686.0,395.0,0.58,27.0,0.0,345.0,4133268.789473684,63.0,1322.0,2.0,1.0,0.0,1.0
은평구,신사2동,5.0,0.0,1.0,0.0,0.0,3.0,8.0,399.0,337.0,0.84,23.0,0.0,286.0,2654016.8421052634,70.0,730.0,1.0,1.0,1.0,2.0
은평구,증산동,6.0,1.0,1.0,0.0,0.0,2.0,9.0,445.0,364.0,0.82,20.0,0.0,184.0,2865029.8421052634,74.0,925.0,1.0,0.0,1.0,1.0
은평구,역촌동,15.0,1.0,0.0,0.0,2.0,4.0,3.0,1087.0,818.0,0.75,64.0,0.0,355.0,2538605.3157894737,78.0,630.0,2.0,1.0,2.0,3.0
서대문구,홍제1동,13.0,3.0,0.0,0.0,0.0,2.0,24.0,609.0,418.0,0.69,17.0,1.0,247.0,3453866.3684210526,72.0,963.0,3.0,0.0,3.0,3.0
서대문구,홍제3동,0.0,1.0,1.0,0.0,2.0,3.0,2.0,508.0,403.0,0.79,20.0,0.0,191.0,2839603.1052631577,78.0,904.0,0.0,1.0,1.0,2.0
서대문구,홍제2동,0.0,0.0,0.0,0.0,0.0,0.0,2.0,289.0,202.0,0.7,10.0,1.0,72.0,3694079.6315789474,72.0,979.0,0.0,0.0,2.0,2.0
서대문구,홍은1동,4.0,1.0,1.0,0.0,1.0,2.0,17.0,248.0,225.0,0.91,25.0,2.0,268.0,3096481.3157894737,74.0,883.0,1.0,1.0,1.0,2.0
서대문구,연희동,5.0,1.0,1.0,1.0,5.0,9.0,11.0,630.0,453.0,0.72,58.0,17.0,505.0,3407515.6315789474,75.0,778.0,3.0,0.0,1.0,1.0
마포구,용강동,31.0,1.0,0.0,0.0,1.0,4.0,10.0,488.0,369.0,0.76,73.0,3.0,133.0,4801843.631578947,78.0,1649.0,1.0,0.0,2.0,2.0
마포구,대흥동,3.0,1.0,0.0,0.0,1.0,1.0,6.0,257.0,183.0,0.71,64.0,0.0,160.0,3438438.3157894737,51.0,1418.0,2.0,2.0,0.0,2.0
마포구,신수동,6.0,0.0,0.0,0.0,1.0,3.0,15.0,484.0,404.0,0.83,72.0,0.0,139.0,4157619.5263157897,83.0,1531.0,2.0,0.0,1.0,1.0
마포구,서교동,70.0,12.0,1.0,2.0,5.0,6.0,5.0,355.0,260.0,0.73,136.0,6.0,293.0,3245678.947368421,79.0,1037.0,1.0,0.0,2.0,2.0
양천구,신월1동,62.0,0.0,0.0,0.0,1.0,5.0,11.0,704.0,418.0,0.59,29.0,4.0,281.0,2242859.1578947366,68.0,558.0,2.0,0.0,1.0,1.0
마포구,합정동,16.0,0.0,0.0,1.0,1.0,2.0,4.0,372.0,254.0,0.68,67.0,0.0,166.0,3217611.947368421,87.0,1232.0,2.0,1.0,0.0,1.0
마포구,망원1동,4.0,1.0,0.0,0.0,0.0,3.0,5.0,446.0,320.0,0.72,45.0,0.0,113.0,2803732.8421052634,83.0,1035.0,0.0,0.0,0.0,0.0
마포구,성산2동,9.0,3.0,1.0,0.0,2.0,9.0,18.0,944.0,709.0,0.75,58.0,2.0,177.0,3554997.789473684,75.0,1125.0,4.0,1.0,3.0,4.0
마포구,도화동,1.0,4.0,0.0,0.0,1.0,2.0,12.0,463.0,371.0,0.8,34.0,9.0,132.0,4230010.421052632,75.0,1356.0,0.0,1.0,2.0,3.0
마포구,서강동,24.0,1.0,1.0,1.0,2.0,6.0,11.0,716.0,553.0,0.77,89.0,11.0,152.0,4362487.947368421,92.0,1362.0,1.0,0.0,0.0,0.0
마포구,아현동,15.0,1.0,0.0,0.0,1.0,1.0,18.0,905.0,703.0,0.78,44.0,0.0,121.0,5251272.52631579,83.0,1667.0,2.0,0.0,0.0,0.0
양천구,목1동,6.0,10.0,0.0,0.0,3.0,2.0,19.0,254.0,210.0,0.83,144.0,9.0,188.0,5693469.947368421,97.0,1794.0,0.0,1.0,1.0,2.0
양천구,목2동,2.0,0.0,0.0,0.0,1.0,3.0,10.0,654.0,498.0,0.76,53.0,4.0,340.0,3263231.1052631577,85.0,907.0,4.0,1.0,2.0,3.0
양천구,목3동,1.0,2.0,0.0,0.0,1.0,4.0,5.0,554.0,434.0,0.78,25.0,0.0,232.0,3106224.3157894737,74.0,971.0,0.0,0.0,2.0,2.0
양천구,신월2동,1.0,0.0,0.0,0.0,0.0,3.0,10.0,686.0,548.0,0.8,35.0,4.0,207.0,2749382.5263157897,74.0,716.0,1.0,0.0,1.0,1.0
양천구,신월3동,5.0,0.0,0.0,0.0,1.0,2.0,3.0,442.0,291.0,0.66,23.0,7.0,202.0,2165452.052631579,77.0,547.0,6.0,1.0,1.0,2.0
양천구,신월5동,13.0,1.0,1.0,0.0,1.0,4.0,2.0,427.0,328.0,0.77,33.0,0.0,176.0,2629758.4736842103,75.0,633.0,2.0,1.0,1.0,2.0
양천구,신월6동,0.0,0.0,0.0,0.0,1.0,2.0,6.0,552.0,470.0,0.85,12.0,0.0,91.0,2861120.052631579,77.0,945.0,0.0,0.0,1.0,1.0
관악구,중앙동,22.0,3.0,0.0,0.0,1.0,4.0,2.0,144.0,131.0,0.91,25.0,0.0,196.0,2659688.210526316,58.0,914.0,0.0,1.0,0.0,1.0
양천구,신월7동,4.0,0.0,1.0,0.0,0.0,8.0,7.0,522.0,352.0,0.67,47.0,3.0,218.0,2355515.263157895,63.0,767.0,2.0,1.0,1.0,2.0
양천구,신정2동,7.0,0.0,0.0,0.0,1.0,2.0,12.0,281.0,231.0,0.82,43.0,11.0,139.0,4749748.736842105,85.0,1354.0,0.0,0.0,1.0,1.0
양천구,신정6동,0.0,0.0,1.0,0.0,2.0,7.0,3.0,428.0,352.0,0.82,71.0,2.0,106.0,5422674.947368421,100.0,1752.0,1.0,0.0,2.0,2.0
양천구,신정7동,0.0,2.0,1.0,0.0,0.0,4.0,9.0,537.0,420.0,0.78,61.0,13.0,179.0,4105140.842105264,91.0,1343.0,5.0,0.0,3.0,3.0
양천구,목5동,0.0,2.0,2.0,0.0,1.0,9.0,6.0,614.0,511.0,0.83,142.0,13.0,186.0,6040209.052631579,104.0,1788.0,1.0,3.0,6.0,9.0
강서구,염창동,8.0,2.0,1.0,0.0,3.0,4.0,35.0,1271.0,978.0,0.77,29.0,1.0,130.0,4149403.210526316,77.0,1123.0,3.0,1.0,0.0,1.0
강서구,등촌2동,7.0,0.0,1.0,0.0,1.0,1.0,8.0,364.0,254.0,0.7,13.0,0.0,115.0,3376193.263157895,77.0,913.0,4.0,1.0,1.0,2.0
강서구,화곡본동,2.0,0.0,0.0,0.0,3.0,11.0,11.0,1038.0,813.0,0.78,9.0,0.0,321.0,2415100.6315789474,54.0,499.0,1.0,1.0,3.0,4.0
강서구,화곡2동,4.0,0.0,0.0,0.0,0.0,3.0,2.0,518.0,403.0,0.78,8.0,5.0,115.0,2399728.736842105,73.0,514.0,3.0,0.0,2.0,2.0
강서구,화곡3동,19.0,8.0,1.0,0.0,4.0,5.0,5.0,509.0,446.0,0.88,9.0,0.0,118.0,3163389.4210526315,70.0,850.0,0.0,0.0,1.0,1.0
강서구,화곡4동,9.0,1.0,1.0,0.0,1.0,6.0,4.0,610.0,378.0,0.62,12.0,1.0,175.0,2433021.5789473685,71.0,566.0,2.0,1.0,3.0,4.0
강서구,화곡6동,74.0,0.0,0.0,1.0,0.0,4.0,6.0,407.0,285.0,0.7,20.0,0.0,184.0,3065202.8421052634,76.0,739.0,1.0,0.0,2.0,2.0
강서구,화곡8동,2.0,1.0,1.0,0.0,0.0,6.0,5.0,554.0,314.0,0.57,13.0,0.0,171.0,2492240.1052631577,57.0,703.0,3.0,0.0,1.0,1.0
강서구,가양2동,0.0,5.0,0.0,1.0,0.0,5.0,7.0,352.0,214.0,0.61,27.0,6.0,22.0,3089888.1052631577,91.0,1156.0,0.0,1.0,2.0,3.0
강서구,가양3동,0.0,1.0,1.0,0.0,0.0,4.0,8.0,265.0,200.0,0.75,31.0,3.0,38.0,3070414.5263157897,61.0,1276.0,3.0,1.0,3.0,4.0
강서구,화곡1동,108.0,7.0,0.0,0.0,3.0,11.0,6.0,877.0,726.0,0.83,49.0,3.0,308.0,2504960.6842105263,52.0,645.0,5.0,2.0,1.0,3.0
강서구,우장산동,31.0,7.0,1.0,0.0,4.0,6.0,10.0,892.0,661.0,0.74,29.0,1.0,167.0,4160862.3157894737,80.0,851.0,2.0,1.0,4.0,5.0
구로구,구로5동,10.0,6.0,1.0,0.0,6.0,4.0,14.0,796.0,630.0,0.79,134.0,16.0,315.0,3234853.210526316,60.0,808.0,4.0,1.0,0.0,1.0
구로구,개봉2동,9.0,2.0,0.0,0.0,0.0,1.0,13.0,648.0,552.0,0.85,18.0,6.0,173.0,3085566.5263157897,76.0,757.0,2.0,0.0,3.0,3.0
구로구,개봉3동,4.0,0.0,1.0,0.0,0.0,3.0,6.0,618.0,467.0,0.76,6.0,10.0,268.0,2531417.6315789474,73.0,618.0,1.0,1.0,0.0,1.0
구로구,오류1동,46.0,5.0,1.0,0.0,11.0,1.0,11.0,582.0,395.0,0.68,29.0,24.0,178.0,2601216.8947368423,55.0,660.0,2.0,0.0,4.0,4.0
구로구,수궁동,3.0,0.0,1.0,0.0,0.0,3.0,9.0,651.0,551.0,0.85,52.0,21.0,292.0,2700019.4736842103,77.0,572.0,4.0,0.0,1.0,1.0
구로구,가리봉동,25.0,0.0,0.0,0.0,5.0,0.0,4.0,204.0,101.0,0.5,23.0,10.0,323.0,2352441.947368421,71.0,670.0,1.0,0.0,0.0,0.0
구로구,구로2동,66.0,4.0,2.0,0.0,2.0,2.0,11.0,761.0,500.0,0.66,93.0,22.0,447.0,2466817.052631579,59.0,692.0,12.0,0.0,1.0,1.0
구로구,개봉1동,9.0,1.0,2.0,0.0,3.0,2.0,11.0,795.0,590.0,0.74,43.0,15.0,315.0,2822702.1052631577,74.0,773.0,4.0,1.0,2.0,3.0
구로구,오류2동,0.0,8.0,0.0,1.0,8.0,4.0,20.0,1233.0,900.0,0.73,123.0,18.0,348.0,2797426.3157894737,74.0,806.0,1.0,3.0,4.0,7.0
구로구,항동,0.0,0.0,0.0,0.0,0.0,2.0,8.0,875.0,756.0,0.86,48.0,2.0,36.0,3077245.947368421,81.0,932.0,1.0,1.0,0.0,1.0
금천구,독산2동,4.0,0.0,0.0,0.0,13.0,7.0,2.0,610.0,480.0,0.79,22.0,0.0,308.0,2259740.789473684,64.0,484.0,2.0,2.0,0.0,2.0
금천구,독산3동,16.0,0.0,0.0,0.0,25.0,6.0,6.0,474.0,360.0,0.76,40.0,0.0,317.0,2403718.736842105,71.0,671.0,1.0,0.0,2.0,2.0
금천구,독산4동,7.0,0.0,1.0,0.0,10.0,6.0,3.0,587.0,355.0,0.6,29.0,0.0,256.0,2272134.6842105263,70.0,625.0,1.0,1.0,0.0,1.0
금천구,시흥2동,0.0,0.0,1.0,0.0,2.0,0.0,12.0,419.0,326.0,0.78,17.0,0.0,96.0,3201731.6315789474,75.0,686.0,0.0,1.0,3.0,4.0
금천구,시흥3동,2.0,0.0,0.0,0.0,1.0,5.0,5.0,278.0,159.0,0.57,25.0,5.0,178.0,2528235.3684210526,69.0,489.0,1.0,0.0,1.0,1.0
금천구,시흥4동,0.0,1.0,0.0,0.0,8.0,8.0,7.0,824.0,479.0,0.58,10.0,0.0,226.0,2419264.0,74.0,580.0,0.0,0.0,0.0,0.0
영등포구,여의동,66.0,10.0,2.0,3.0,1.0,3.0,5.0,2867.0,1868.0,0.65,258.0,1.0,76.0,5641422.421052632,128.0,1787.0,4.0,1.0,4.0,5.0
영등포구,당산1동,60.0,2.0,0.0,0.0,2.0,1.0,17.0,672.0,548.0,0.82,68.0,0.0,120.0,3555912.4210526315,66.0,1388.0,3.0,0.0,2.0,2.0
영등포구,신길3동,13.0,0.0,0.0,0.0,4.0,0.0,4.0,327.0,268.0,0.82,24.0,3.0,224.0,3076031.4736842103,64.0,1269.0,2.0,0.0,3.0,3.0
영등포구,신길4동,1.0,0.0,0.0,0.0,1.0,1.0,3.0,505.0,433.0,0.86,16.0,3.0,115.0,2730472.4736842103,67.0,1501.0,2.0,1.0,2.0,3.0
영등포구,신길5동,11.0,0.0,0.0,0.0,0.0,2.0,4.0,220.0,189.0,0.86,22.0,0.0,122.0,2660632.6842105263,76.0,1301.0,1.0,0.0,1.0,1.0
영등포구,대림1동,6.0,1.0,0.0,0.0,3.0,2.0,6.0,399.0,326.0,0.82,31.0,0.0,165.0,2589615.789473684,76.0,1040.0,0.0,0.0,2.0,2.0
영등포구,대림2동,18.0,0.0,0.0,0.0,2.0,1.0,5.0,279.0,169.0,0.61,24.0,2.0,252.0,2708286.6842105263,60.0,938.0,1.0,2.0,0.0,2.0
동작구,사당1동,20.0,4.0,0.0,0.0,5.0,3.0,7.0,433.0,355.0,0.82,11.0,4.0,201.0,2881294.0,72.0,987.0,1.0,0.0,1.0,1.0
서초구,서초4동,21.0,16.0,0.0,0.0,1.0,3.0,9.0,359.0,267.0,0.74,47.0,0.0,222.0,6518537.368421053,100.0,2229.0,0.0,1.0,2.0,3.0
동작구,사당3동,24.0,1.0,0.0,0.0,1.0,3.0,4.0,459.0,383.0,0.83,7.0,3.0,143.0,3900230.736842105,84.0,1341.0,0.0,1.0,1.0,2.0
동작구,사당4동,2.0,0.0,0.0,0.0,2.0,5.0,4.0,341.0,284.0,0.83,5.0,0.0,136.0,2872091.6842105263,91.0,969.0,0.0,0.0,0.0,0.0
서초구,반포1동,24.0,4.0,1.0,0.0,2.0,3.0,8.0,749.0,500.0,0.67,49.0,3.0,244.0,5348194.105263158,90.0,2701.0,4.0,0.0,1.0,1.0
동작구,사당5동,1.0,0.0,1.0,0.0,1.0,6.0,4.0,191.0,183.0,0.96,12.0,3.0,130.0,3085602.0,64.0,1146.0,0.0,2.0,1.0,3.0
동작구,신대방1동,3.0,1.0,0.0,0.0,1.0,2.0,10.0,444.0,328.0,0.74,18.0,15.0,175.0,3864071.052631579,88.0,1133.0,0.0,1.0,3.0,4.0
관악구,청림동,0.0,1.0,1.0,0.0,0.0,0.0,5.0,377.0,305.0,0.81,4.0,7.0,108.0,3720047.947368421,67.0,1106.0,0.0,1.0,2.0,3.0
관악구,행운동,0.0,2.0,0.0,0.0,2.0,3.0,7.0,373.0,265.0,0.71,14.0,0.0,271.0,2919598.789473684,78.0,911.0,0.0,2.0,3.0,5.0
관악구,낙성대동,9.0,1.0,0.0,0.0,1.0,4.0,4.0,844.0,525.0,0.62,45.0,0.0,216.0,3234521.1578947366,74.0,875.0,5.0,0.0,0.0,0.0
관악구,인헌동,1.0,0.0,0.0,0.0,1.0,5.0,5.0,361.0,316.0,0.88,12.0,0.0,211.0,2814313.052631579,79.0,909.0,0.0,0.0,2.0,2.0
관악구,남현동,32.0,2.0,0.0,1.0,1.0,3.0,4.0,352.0,210.0,0.6,15.0,4.0,215.0,3262523.1578947366,83.0,915.0,2.0,1.0,1.0,2.0
관악구,서원동,7.0,3.0,0.0,0.0,7.0,2.0,5.0,465.0,272.0,0.58,24.0,1.0,239.0,2435639.1052631577,65.0,881.0,0.0,0.0,0.0,0.0
관악구,신원동,37.0,0.0,0.0,0.0,0.0,1.0,3.0,313.0,189.0,0.6,10.0,0.0,191.0,2426266.8947368423,69.0,805.0,2.0,1.0,1.0,2.0
관악구,신림동,156.0,4.0,0.0,0.0,12.0,3.0,3.0,171.0,113.0,0.66,16.0,0.0,276.0,2465724.8421052634,41.0,878.0,0.0,0.0,0.0,0.0
관악구,난향동,1.0,0.0,0.0,0.0,0.0,1.0,8.0,421.0,311.0,0.74,20.0,0.0,123.0,3295101.6842105263,83.0,878.0,1.0,0.0,1.0,1.0
관악구,조원동,57.0,0.0,1.0,0.0,3.0,2.0,5.0,420.0,300.0,0.71,70.0,1.0,273.0,2549555.210526316,61.0,894.0,1.0,0.0,0.0,0.0
관악구,대학동,9.0,2.0,1.0,1.0,1.0,5.0,4.0,163.0,116.0,0.71,26.0,0.0,254.0,2642154.1578947366,72.0,814.0,0.0,1.0,0.0,1.0
서초구,방배1동,2.0,0.0,0.0,0.0,2.0,2.0,1.0,150.0,143.0,0.95,18.0,6.0,252.0,4109448.789473684,113.0,1598.0,0.0,0.0,0.0,0.0
관악구,은천동,4.0,0.0,2.0,0.0,1.0,5.0,11.0,648.0,561.0,0.87,42.0,3.0,248.0,3094988.3157894737,74.0,1028.0,0.0,2.0,3.0,5.0
관악구,성현동,2.0,0.0,1.0,0.0,0.0,0.0,10.0,559.0,417.0,0.75,30.0,3.0,123.0,3483573.263157895,82.0,997.0,0.0,0.0,3.0,3.0
관악구,청룡동,42.0,2.0,0.0,0.0,3.0,7.0,5.0,571.0,381.0,0.67,32.0,0.0,353.0,2799733.3157894737,50.0,1060.0,1.0,2.0,0.0,2.0
관악구,난곡동,1.0,0.0,0.0,0.0,0.0,5.0,6.0,533.0,390.0,0.73,16.0,0.0,462.0,2282447.263157895,61.0,793.0,0.0,1.0,2.0,3.0
서초구,서초1동,2.0,4.0,0.0,1.0,4.0,2.0,8.0,683.0,455.0,0.67,36.0,0.0,298.0,4811809.315789473,101.0,1444.0,2.0,0.0,1.0,1.0
서초구,서초3동,57.0,2.0,1.0,3.0,5.0,8.0,8.0,720.0,445.0,0.62,91.0,8.0,478.0,4731537.7894736845,124.0,1442.0,6.0,0.0,1.0,1.0
서초구,잠원동,33.0,6.0,1.0,0.0,1.0,6.0,31.0,436.0,292.0,0.67,70.0,2.0,230.0,5491700.842105263,101.0,2468.0,3.0,0.0,2.0,2.0
서초구,반포2동,2.0,1.0,0.0,0.0,0.0,4.0,3.0,473.0,298.0,0.63,28.0,6.0,130.0,6796941.947368421,101.0,3374.0,3.0,0.0,2.0,2.0
서초구,반포3동,0.0,7.0,0.0,0.0,0.0,5.0,9.0,442.0,362.0,0.82,46.0,0.0,97.0,6158570.052631579,83.0,2929.0,1.0,0.0,1.0,1.0
서초구,반포4동,0.0,1.0,1.0,0.0,2.0,4.0,6.0,752.0,585.0,0.78,26.0,8.0,315.0,5316166.894736842,148.0,1533.0,1.0,0.0,0.0,0.0
서초구,방배본동,10.0,1.0,0.0,0.0,3.0,1.0,8.0,181.0,141.0,0.78,46.0,6.0,267.0,4909440.421052632,164.0,1473.0,1.0,1.0,0.0,1.0
서초구,방배3동,0.0,0.0,2.0,0.0,2.0,4.0,11.0,429.0,309.0,0.72,30.0,3.0,249.0,4709005.736842105,121.0,1646.0,1.0,0.0,3.0,3.0
서초구,방배4동,4.0,6.0,0.0,0.0,3.0,2.0,4.0,409.0,359.0,0.88,48.0,4.0,312.0,4576463.736842105,135.0,1453.0,1.0,1.0,1.0,2.0
강남구,삼성1동,12.0,7.0,0.0,0.0,6.0,3.0,12.0,526.0,269.0,0.51,87.0,0.0,348.0,5143098.684210527,134.0,2162.0,2.0,0.0,1.0,1.0
강남구,삼성2동,47.0,4.0,1.0,0.0,2.0,5.0,12.0,768.0,518.0,0.67,41.0,0.0,393.0,5094416.684210527,89.0,2113.0,1.0,0.0,0.0,0.0
강남구,역삼1동,143.0,27.0,3.0,0.0,5.0,6.0,19.0,702.0,312.0,0.44,104.0,0.0,763.0,3629382.1052631577,74.0,1230.0,8.0,1.0,0.0,1.0
강남구,역삼2동,16.0,1.0,0.0,0.0,2.0,8.0,7.0,547.0,340.0,0.62,55.0,0.0,277.0,5414467.47368421,74.0,1991.0,4.0,0.0,1.0,1.0
강남구,도곡1동,0.0,4.0,1.0,0.0,8.0,2.0,12.0,256.0,167.0,0.65,31.0,4.0,243.0,5446074.842105263,115.0,1795.0,5.0,1.0,1.0,2.0
송파구,풍납1동,5.0,0.0,0.0,0.0,1.0,1.0,7.0,213.0,174.0,0.82,19.0,0.0,133.0,3020190.8947368423,79.0,1272.0,0.0,0.0,1.0,1.0
강남구,도곡2동,0.0,6.0,0.0,0.0,0.0,4.0,5.0,308.0,224.0,0.73,93.0,8.0,184.0,6595455.947368421,116.0,2380.0,0.0,0.0,2.0,2.0
송파구,풍납2동,5.0,0.0,0.0,0.0,1.0,3.0,13.0,1152.0,818.0,0.71,39.0,9.0,173.0,3917183.789473684,76.0,1342.0,2.0,0.0,3.0,3.0
강남구,개포1동,0.0,0.0,0.0,0.0,0.0,1.0,11.0,141.0,98.0,0.69,27.0,2.0,49.0,5156498.052631579,120.0,2334.0,0.0,1.0,0.0,1.0
송파구,방이2동,26.0,0.0,0.0,1.0,2.0,4.0,2.0,506.0,430.0,0.85,30.0,0.0,132.0,2944371.6842105263,78.0,1098.0,2.0,0.0,1.0,1.0
강남구,개포4동,1.0,0.0,0.0,0.0,1.0,2.0,3.0,706.0,488.0,0.69,28.0,20.0,408.0,3576102.4736842103,87.0,1968.0,1.0,1.0,1.0,2.0
강남구,일원본동,0.0,0.0,1.0,1.0,1.0,9.0,13.0,691.0,467.0,0.68,42.0,1.0,158.0,5465517.315789473,82.0,2291.0,1.0,0.0,3.0,3.0
강남구,일원1동,0.0,1.0,0.0,0.0,0.0,3.0,2.0,490.0,255.0,0.52,37.0,14.0,228.0,3033658.5263157897,56.0,2228.0,1.0,1.0,1.0,2.0
송파구,송파2동,2.0,0.0,0.0,0.0,0.0,5.0,6.0,239.0,231.0,0.97,43.0,0.0,86.0,4388013.631578947,95.0,1568.0,1.0,1.0,3.0,4.0
강남구,개포3동,0.0,2.0,1.0,0.0,0.0,5.0,4.0,444.0,307.0,0.69,54.0,5.0,113.0,5147848.578947368,90.0,2513.0,5.0,0.0,2.0,2.0
강남구,수서동,1.0,2.0,0.0,0.0,1.0,7.0,9.0,390.0,288.0,0.74,30.0,12.0,171.0,3855339.263157895,94.0,2147.0,1.0,1.0,3.0,4.0
강남구,압구정동,15.0,13.0,0.0,4.0,8.0,7.0,9.0,306.0,240.0,0.78,50.0,4.0,367.0,5869439.052631579,120.0,2925.0,2.0,0.0,1.0,1.0
송파구,석촌동,23.0,2.0,1.0,0.0,15.0,5.0,3.0,656.0,526.0,0.8,51.0,0.0,203.0,2945267.263157895,76.0,1171.0,5.0,0.0,2.0,2.0
강남구,청담동,26.0,8.0,2.0,1.0,6.0,4.0,14.0,360.0,270.0,0.75,64.0,0.0,495.0,5064308.842105263,132.0,2222.0,1.0,1.0,2.0,3.0
송파구,삼전동,19.0,0.0,0.0,0.0,3.0,6.0,2.0,716.0,582.0,0.81,31.0,0.0,186.0,2802008.8421052634,69.0,1043.0,3.0,0.0,2.0,2.0
강남구,대치2동,2.0,6.0,3.0,0.0,3.0,1.0,9.0,629.0,400.0,0.64,90.0,0.0,303.0,6031786.947368421,97.0,2556.0,2.0,1.0,0.0,1.0
송파구,가락본동,43.0,2.0,0.0,0.0,10.0,9.0,9.0,465.0,401.0,0.86,53.0,0.0,129.0,3556481.947368421,84.0,1194.0,3.0,1.0,1.0,2.0
강남구,개포2동,0.0,1.0,1.0,1.0,0.0,5.0,10.0,466.0,249.0,0.53,101.0,9.0,228.0,5147848.578947368,85.0,2979.0,0.0,1.0,2.0,3.0
송파구,거여1동,13.0,0.0,0.0,0.0,2.0,5.0,6.0,609.0,516.0,0.85,19.0,0.0,117.0,2804087.210526316,76.0,1131.0,0.0,1.0,0.0,1.0
송파구,거여2동,1.0,1.0,1.0,0.0,1.0,5.0,12.0,771.0,682.0,0.88,20.0,0.0,153.0,3055829.1052631577,74.0,1405.0,0.0,1.0,2.0,3.0
송파구,문정1동,1.0,1.0,0.0,0.0,1.0,4.0,6.0,341.0,303.0,0.89,25.0,0.0,91.0,3598326.8421052634,81.0,1151.0,0.0,0.0,1.0,1.0
송파구,마천1동,4.0,2.0,1.0,0.0,9.0,5.0,7.0,442.0,420.0,0.95,28.0,0.0,134.0,2444437.6842105263,77.0,1145.0,1.0,0.0,1.0,1.0
송파구,마천2동,1.0,2.0,0.0,0.0,4.0,5.0,6.0,520.0,391.0,0.75,24.0,0.0,150.0,2350856.1052631577,67.0,1177.0,1.0,1.0,1.0,2.0
송파구,방이1동,4.0,0.0,0.0,0.0,1.0,4.0,3.0,201.0,152.0,0.76,29.0,0.0,114.0,3992780.4736842094,100.0,1200.0,0.0,1.0,1.0,2.0
송파구,오금동,6.0,2.0,1.0,0.0,2.0,13.0,16.0,901.0,724.0,0.8,81.0,1.0,208.0,3535896.8947368423,87.0,1258.0,4.0,1.0,3.0,4.0
송파구,송파1동,6.0,2.0,0.0,0.0,3.0,6.0,5.0,552.0,429.0,0.78,38.0,0.0,127.0,3156460.1052631577,96.0,1172.0,1.0,1.0,2.0,3.0
송파구,가락1동,36.0,1.0,1.0,1.0,0.0,0.0,4.0,813.0,698.0,0.86,39.0,0.0,32.0,4845454.052631579,79.0,2152.0,1.0,1.0,0.0,1.0
송파구,가락2동,3.0,2.0,0.0,0.0,0.0,8.0,11.0,945.0,725.0,0.77,36.0,0.0,141.0,3944606.421052632,90.0,1191.0,3.0,0.0,4.0,4.0
송파구,문정2동,2.0,8.0,0.0,0.0,4.0,9.0,4.0,546.0,392.0,0.72,116.0,1.0,88.0,4500916.421052632,105.0,1694.0,3.0,0.0,0.0,0.0
송파구,잠실3동,6.0,3.0,1.0,0.0,1.0,2.0,6.0,409.0,348.0,0.85,57.0,2.0,42.0,5471680.52631579,96.0,2553.0,0.0,2.0,1.0,3.0
강동구,성내1동,5.0,1.0,0.0,0.0,5.0,3.0,13.0,774.0,526.0,0.68,57.0,0.0,115.0,3464859.5263157897,86.0,1043.0,0.0,0.0,1.0,1.0
강동구,명일1동,1.0,2.0,1.0,0.0,2.0,5.0,8.0,604.0,567.0,0.94,52.0,0.0,142.0,3581960.6315789474,75.0,1110.0,0.0,1.0,0.0,1.0
강동구,명일2동,2.0,5.0,0.0,0.0,0.0,5.0,5.0,257.0,218.0,0.85,54.0,4.0,71.0,4543984.0,104.0,1263.0,1.0,0.0,4.0,4.0
강동구,고덕1동,0.0,0.0,0.0,1.0,0.0,6.0,10.0,517.0,427.0,0.83,65.0,0.0,143.0,4629717.157894737,85.0,1439.0,1.0,0.0,2.0,2.0
강동구,고덕2동,0.0,2.0,1.0,0.0,1.0,5.0,3.0,619.0,551.0,0.89,74.0,0.0,167.0,2469588.0,65.0,1814.0,0.0,1.0,1.0,2.0
강동구,암사2동,8.0,1.0,1.0,1.0,0.0,1.0,2.0,526.0,419.0,0.8,26.0,6.0,79.0,3716364.263157895,82.0,1296.0,2.0,0.0,1.0,1.0
강동구,암사3동,0.0,1.0,0.0,0.0,0.0,4.0,4.0,464.0,364.0,0.78,44.0,3.0,110.0,4493691.052631579,79.0,1206.0,0.0,0.0,1.0,1.0
강동구,천호1동,12.0,1.0,0.0,0.0,0.0,6.0,14.0,771.0,632.0,0.82,44.0,0.0,262.0,2492890.0,76.0,860.0,1.0,1.0,0.0,1.0
강동구,천호3동,54.0,2.0,1.0,0.0,3.0,1.0,4.0,564.0,411.0,0.73,39.0,1.0,196.0,3174637.947368421,71.0,1050.0,0.0,0.0,2.0,2.0
강동구,성내2동,20.0,2.0,0.0,0.0,4.0,1.0,3.0,569.0,373.0,0.66,31.0,0.0,217.0,2835156.263157895,77.0,1058.0,3.0,0.0,0.0,0.0
강동구,성내3동,32.0,14.0,1.0,0.0,2.0,3.0,1.0,648.0,495.0,0.76,39.0,0.0,203.0,2921629.736842105,70.0,935.0,0.0,0.0,2.0,2.0
강동구,둔촌2동,5.0,3.0,1.0,0.0,1.0,2.0,13.0,578.0,430.0,0.74,64.0,0.0,209.0,3444262.3157894737,75.0,1101.0,2.0,1.0,1.0,2.0
강동구,암사1동,6.0,1.0,1.0,0.0,1.0,4.0,18.0,1043.0,797.0,0.76,30.0,3.0,301.0,2869280.5263157897,75.0,978.0,2.0,1.0,0.0,1.0
강동구,천호2동,72.0,9.0,1.0,0.0,6.0,7.0,5.0,819.0,622.0,0.76,76.0,4.0,339.0,2759828.736842105,71.0,1046.0,3.0,0.0,2.0,2.0
강동구,길동,53.0,4.0,1.0,0.0,7.0,4.0,10.0,1009.0,697.0,0.69,116.0,5.0,320.0,2869250.0,59.0,918.0,1.0,2.0,4.0,6.0
강동구,강일동,0.0,1.0,1.0,0.0,1.0,7.0,13.0,1168.0,934.0,0.8,143.0,8.0,94.0,3089179.052631579,81.0,1193.0,0.0,3.0,1.0,4.0
강동구,상일1동,1.0,0.0,1.0,0.0,1.0,6.0,8.0,856.0,823.0,0.96,110.0,10.0,165.0,3674376.0,72.0,1594.0,3.0,2.0,3.0,5.0
강동구,상일2동,0.0,0.0,0.0,0.0,1.0,1.0,1.0,668.0,592.0,0.89,24.0,0.0,34.0,3674376.0,84.0,1206.0,0.0,0.0,1.0,1.0
종로구,교남동,3.0,0.0,1.0,1.0,2.0,1.0,2.0,323.0,245.0,0.76,9.0,3.0,86.0,4617088.631578947,59.0,1895.0,0.0,0.0,0.0,0.0
종로구,종로1·2·3·4가동,289.0,11.0,0.0,13.0,0.0,4.0,18.0,741.0,355.0,0.48,203.0,19.0,227.0,3261845.5789473685,75.0,958.0,5.0,0.0,1.0,1.0
서초구,방배2동,1.0,0.0,0.0,0.0,1.0,6.0,5.0,694.0,498.0,0.72,38.0,0.0,353.0,3869928.210526316,104.0,1594.0,3.0,0.0,0.0,0.0
강북구,미아동,7.0,1.0,1.0,1.0,3.0,5.0,7.0,347.0,241.0,0.69,34.0,0.0,123.0,2335731.5789473685,71.0,695.0,1.0,0.0,0.0,0.0
강북구,인수동,29.0,0.0,0.0,0.0,4.0,2.0,8.0,367.0,290.0,0.79,58.0,0.0,181.0,2371068.052631579,60.0,532.0,2.0,1.0,2.0,3.0
